,CETD,D1,D2,D3,D5,D6
max,128,256,256,256,256,256
min,1,1,1,1,253,255
var,149.22,0.99235,0.99682,0.99671,0.0026206,0.0001068
average,123.56,256,255.99,255.99,256,256
